"download YouTube video ?	Download Video"
"download YouTube video ?	Download Video"
"download YouTube video ?	Download Video"
"download YouTube video ?	Download Video"
"download YouTube video ?	Download Video"
"download YouTube video ?	Download Video"
"download YouTube video ?	Download Video"
"change password tv trope ?	Change Password"
"change password login Skype ?	Change Password"
"change password tv trope ?	Change Password"
"alteration password login Skype ?	Change Password"
"alteration password tv trope ?	Change Password"
"change password login Skype ?	Change Password"
"modification password tv trope ?	Change Password"
"change subject line new Gmail compose window	None"
"email Google Form daily ?	None"
"change subject line new Gmail compose window	None"
"email Google Form daily ?	None"
"modification subject line new Gmail compose window	None"
"email Google Form daily ?	None"
"modification subject line new Gmail compose window	None"
"export track.scrobble datum last.fm ?	Export Data"
"backup wordpress.com host blog ?	Export Data"
"export track.scrobble datum last.fm ?	Export Data"
"backup wordpress.com host blog ?	Export Data"
"exportation track.scrobble datum last.fm ?	Export Data"
"backup wordpress.com host blog ?	Export Data"
"export track.scrobble datum last.fm ?	Export Data"
"sync Yahoo ! calendar Google Calendar ?	Sync Accounts"
"Google Bookmarks Chrome Bookmark Sync -- different ?	Sync Accounts"
"sync RunKeeper workout schedule Google Calender ?	Sync Accounts"
"sync Yahoo ! calendar Google Calendar ?	Sync Accounts"
"Google Bookmarks Chrome Bookmark Sync -- different ?	Sync Accounts"
"sync RunKeeper workout schedule Google Calender ?	Sync Accounts"
"sync Yahoo ! calendar Google Calendar ?	Sync Accounts"
"Gmail "" send spam "" filter mean train spam filter ?	Filter Spam"
"correctly identify Spam message	Filter Spam"
"Twitter Echofon spam	Filter Spam"
"totally block spam Gmail Account	Filter Spam"
"discard spam mail faster Gmail	Filter Spam"
"stop spam email Gmail pattern	Filter Spam"
"Gmail "" send spam "" filter mean railroad train junk e-mail filter ?	Filter Spam"
"alternative Google Reader ( Android synchronize )	Find Alternative"
"Bugmenot ( registration bypasser ) alternative suck ?	Find Alternative"
"alternative Twitter	Find Alternative"
"Google search engine alternative	Find Alternative"
"alternative Google Groups feature ?	Find Alternative"
"good Veoh Youtube alternative ?	Find Alternative"
"mint alternative Canada	Find Alternative"
"delete twitter account ?	Delete Account"
"delete LinkedIn account ?	Delete Account"
"delete Gmail account ?	Delete Account"
"delete Experts Exchange account ?	Delete Account"
"delete Ohloh profile ?	Delete Account"
"permanently delete myspace account ?	Delete Account"
